{"trainer/global_step":339,"global_step":339,"val/loss_simple":0.07489947974681854,"train/loss_step":0.11747810244560242,"epoch":4,"lr-AdamW":5e-05,"_timestamp":1.7464196762963555e+09,"_step":233,"train/loss_vlb_step":0.0012231747386977077,"_runtime":1362.000484689,"val/loss_simple_ema":0.09823622554540634,"val/loss":0.07489947974681854,"val/loss_vlb":0.000376849522581324,"val/loss_vlb_ema":0.0009302890975959599,"val/loss_ema":0.09823622554540634,"_wandb":{"runtime":1388},"train/loss_epoch":0.06794178485870361,"train/loss_simple_epoch":0.06794178485870361,"train/loss_vlb_epoch":0.0010015449952334166,"lr_abs":4.999999873689376e-05,"train/loss_simple_step":0.11747810244560242}